{"credit":"By Quef64 for McParks.","texture_size":[64,64],"textures":{"2":"misc/ge/bb/droiddepot-bb"},"elements":[{"from":[4.5,0,4],"to":[11.5,7,11],"rotation":{"angle":0,"axis":"x","origin":[8,3.5,7.5]},"faces":{"north":{"uv":[0,0,1.75,1.75],"texture":"#2"},"east":{"uv":[0,0,1.75,1.75],"texture":"#2"},"south":{"uv":[0,0,1.75,1.75],"texture":"#2"},"west":{"uv":[0,0,1.75,1.75],"texture":"#2"},"up":{"uv":[0,0,1.75,1.75],"texture":"#2"},"down":{"uv":[0,0,1.75,1.75],"texture":"#2"}}},{"from":[6,1.5,3.5],"to":[10,5.5,11.5],"rotation":{"angle":0,"axis":"x","origin":[8,3.5,7.5]},"faces":{"north":{"uv":[1.38125,6.88125,2.36875,7.87188],"texture":"#2"},"east":{"uv":[1.75625,3.50625,3.74375,4.49375],"texture":"#2"},"south":{"uv":[1.38125,6.88125,2.36875,7.87188],"texture":"#2"},"west":{"uv":[1.75625,3.50625,3.74375,4.49375],"texture":"#2"},"up":{"uv":[3.75,3.50312,1.76875,4.48437],"rotation":270,"texture":"#2"},"down":{"uv":[3.75,3.50312,1.76875,4.48437],"rotation":270,"texture":"#2"}}},{"from":[4,1.5,5.5],"to":[12,5.5,9.5],"rotation":{"angle":0,"axis":"y","origin":[8,3.5,7.5]},"faces":{"north":{"uv":[1.75625,3.50625,3.74375,4.50625],"texture":"#2"},"east":{"uv":[1.38125,6.88125,2.36875,7.87188],"texture":"#2"},"south":{"uv":[1.75625,3.50625,3.74375,4.49375],"texture":"#2"},"west":{"uv":[1.38125,6.88125,2.36875,7.87188],"texture":"#2"},"up":{"uv":[0.9875,5.26875,0.00938,7.23438],"rotation":270,"texture":"#2"},"down":{"uv":[0.9875,5.26875,0.00938,7.23438],"rotation":270,"texture":"#2"}}},{"from":[6,-0.5,5.5],"to":[10,7.5,9.5],"rotation":{"angle":0,"axis":"z","origin":[8,3.5,7.5]},"faces":{"north":{"uv":[1.75938,3.50938,3.73438,4.49688],"rotation":270,"texture":"#2"},"east":{"uv":[1.75938,3.50938,3.73438,4.49688],"rotation":270,"texture":"#2"},"south":{"uv":[1.75938,3.50938,3.73438,4.49688],"rotation":270,"texture":"#2"},"west":{"uv":[1.75938,3.50938,3.73438,4.49688],"rotation":270,"texture":"#2"},"up":{"uv":[1.38125,7.87188,2.36875,6.88125],"texture":"#2"},"down":{"uv":[1.38125,7.87188,2.36875,6.88125],"texture":"#2"}}}],"display":{"thirdperson_righthand":{"rotation":[75,0,0],"translation":[0,1,0.25],"scale":[0.6,0.6,0.6]},"thirdperson_lefthand":{"rotation":[75,0,0],"translation":[0,1,0.25],"scale":[0.6,0.6,0.6]},"firstperson_righthand":{"translation":[1,2.25,1],"scale":[0.6,0.6,0.6]},"firstperson_lefthand":{"translation":[1,2.25,1],"scale":[0.6,0.6,0.6]},"ground":{"scale":[0.6,0.6,0.6]},"gui":{"rotation":[15,134,0],"translation":[0.5,-2.5,0],"scale":[1.6,1.6,1.6]},"head":{"translation":[0,-0.5,0.75],"scale":[1.6,1.6,1.6]},"fixed":{"translation":[0,-2.25,-3.75],"scale":[1.6,1.6,1.6]}},"groups":[{"name":"BB8 - SPHERE 3","origin":[8,3.5,7.5],"color":0,"armor_stand_bone":"","armor_stand_start_position":[0,0,0],"armor_stand_search_radius":0,"children":[{"name":"BODY","origin":[8,3.5,7.5],"color":0,"armor_stand_bone":"","armor_stand_start_position":[0,0,0],"armor_stand_search_radius":0,"children":[0,1,2,3]}]}]}
