{"credit":"by quef64 for mcparks.","texture_size":[64,64],"textures":{"2":"misc/ge/bb/droiddepot-bb"},"elements":[{"from":[4.5,0,4],"to":[11.5,7,11],"rotation":{"angle":0,"axis":"x","origin":[8,3.5,7.5]},"faces":{"north":{"uv":[0,0,1.75,1.75],"texture":"#2"},"east":{"uv":[0,0,1.75,1.75],"texture":"#2"},"south":{"uv":[0,0,1.75,1.75],"texture":"#2"},"west":{"uv":[0,0,1.75,1.75],"texture":"#2"},"up":{"uv":[0,0,1.75,1.75],"texture":"#2"},"down":{"uv":[0,0,1.75,1.75],"texture":"#2"}}},{"from":[6,1.5,3.5],"to":[10,5.5,11.5],"rotation":{"angle":0,"axis":"x","origin":[8,3.5,7.5]},"faces":{"north":{"uv":[3.88125,1.50625,4.86875,2.49688],"texture":"#2"},"east":{"uv":[3.88125,3.50625,5.86875,4.50625],"texture":"#2"},"south":{"uv":[3.88125,1.50625,4.86875,2.49688],"texture":"#2"},"west":{"uv":[3.88125,3.50625,5.86875,4.50625],"texture":"#2"},"up":{"uv":[3.88125,4.75625,4.86875,6.75625],"texture":"#2"},"down":{"uv":[3.8875,4.7625,4.86562,6.74688],"texture":"#2"}}},{"from":[4,1.5,5.5],"to":[12,5.5,9.5],"rotation":{"angle":0,"axis":"y","origin":[8,3.5,7.5]},"faces":{"north":{"uv":[3.88125,3.50625,5.86875,4.50625],"texture":"#2"},"east":{"uv":[3.88125,1.50625,4.86875,2.49688],"texture":"#2"},"south":{"uv":[3.88125,3.50625,5.86875,4.50625],"texture":"#2"},"west":{"uv":[3.88125,1.50625,4.86875,2.49688],"texture":"#2"},"up":{"uv":[4.8625,4.76875,3.88438,6.73438],"rotation":270,"texture":"#2"},"down":{"uv":[4.8625,4.76875,3.88438,6.73438],"rotation":270,"texture":"#2"}}},{"from":[6,-0.5,5.5],"to":[10,7.5,9.5],"rotation":{"angle":0,"axis":"z","origin":[8,3.5,7.5]},"faces":{"north":{"uv":[3.8875,4.7625,4.86562,6.74688],"texture":"#2"},"east":{"uv":[3.8875,4.7625,4.86562,6.74688],"texture":"#2"},"south":{"uv":[3.8875,4.7625,4.86562,6.74688],"texture":"#2"},"west":{"uv":[3.8875,4.7625,4.86562,6.74688],"texture":"#2"},"up":{"uv":[3.88125,1.50625,4.86875,2.49688],"texture":"#2"},"down":{"uv":[3.88125,1.50625,4.86875,2.49688],"texture":"#2"}}}],"display":{"thirdperson_righthand":{"rotation":[75,0,0],"translation":[0,1,0.25],"scale":[0.6,0.6,0.6]},"thirdperson_lefthand":{"rotation":[75,0,0],"translation":[0,1,0.25],"scale":[0.6,0.6,0.6]},"firstperson_righthand":{"translation":[1,2.25,1],"scale":[0.6,0.6,0.6]},"firstperson_lefthand":{"translation":[1,2.25,1],"scale":[0.6,0.6,0.6]},"ground":{"scale":[0.6,0.6,0.6]},"gui":{"rotation":[15,134,0],"translation":[0.5,-2.5,0],"scale":[1.6,1.6,1.6]},"head":{"translation":[0,-0.5,0.75],"scale":[1.6,1.6,1.6]},"fixed":{"translation":[0,-2.25,-3.75],"scale":[1.6,1.6,1.6]}},"groups":[{"name":"flatter - sphere 2","origin":[0,0,0],"color":0,"armor_stand_bone":"","armor_stand_start_position":[0,0,0],"armor_stand_search_radius":0,"children":[{"name":"body","origin":[8,3.5,7.5],"color":0,"armor_stand_bone":"","armor_stand_start_position":[0,0,0],"armor_stand_search_radius":0,"children":[0,1,2,3]}]}]}
